username,email,uid,provider
keva,francis.rosenbaum@nitzsche.name,1,github
josef,kiyoko.heaney@huelwintheiser.io,2,github
rory,kerri@boyer.org,3,github
lavonda.kub,lawerence_goodwin@kutchnader.com,4,github
lauralee,carey_weimann@wisozkaltenwerth.io,5,github
tyson.huel,pierre.dickens@zulauf.co,6,github
aretha,altagracia.kris@wiegand.co,7,github
colette.daugherty,floyd@kuhndubuque.info,8,github
shandi.huels,felton@von.co,9,github
lakita,dannie@funk.io,10,github
reed,kyra@hoegerrowe.info,11,github
charmain,king_hegmann@altenwerthskiles.com,12,github
leonardo,garnett@barrowchultz.info,13,github
haley_hayes,risa@hintz.com,14,github
jordan,laverne.stracke@dibbertkoch.biz,15,github
cindie,devin_kub@hagenes.com,16,github
sadie_swift,noble_stiedemann@tremblay.co,17,github
marci_ledner,emelda.block@larkin.net,18,github
mitchel,jeffrey.bernier@heel.co,19,github
yong.ritchie,berna_mcglynn@ryanstrosin.name,20,github
kraig,kevin.runolfon@gloverbednar.co,21,github
kevin.mitchell,eufemia@fritschhuel.org,22,github
ranae_jacobi,merrilee_oconnell@kochgreenholt.com,23,github
tasia_schneider,sterling@brownhudson.io,24,github
chery,chara@mohr.biz,25,github
